Facility Name,Sports,Latitude,Longitude,Activity Type,activities
Clementi Stadium,Stadium,1.310547364,103.7628314,Outdoor,Running/Jogging/Walking/Soccer
Clementi Sports Centre,Swimming Complex/Sports Hall/Gym,1.311377295,103.7643842,Indoor,Swimming/Badminton/Basketball/Tennis/Table Tennis/Volleyball/Pickleball/Gym
Jurong West Sports Centre,Swimming Complex/Sports Hall/Stadium/Tennis Centre/Gym,1.338939791,103.6937026,Indoor,Running/Jogging/Walking/Soccer/Swimming/Badminton/Basketball/Tennis/Table Tennis/Volleyball/Pickleball/Gym
Kallang Basin Swimming Complex,Swimming Complex,1.323251958,103.872253,Outdoor,Swimming
Kallang Sports Centre,Practice Track/Field/Tennis Centre/Squash Centre/Netball Centre/Lawn Bowl,1.306804108,103.8773572,Indoor,Running/Jogging/Walking/Tennis/Squash/Netball/Lawn Bowl
Katong Swimming Complex,Swimming Complex,1.302234756,103.8859173,Outdoor,Swimming
AMK Swimming Complex,Swimming Complex,1.362405911,103.8500444,Outdoor,Swimming
Bishan Sports Centre,Swimming Complex/Sports Hall/Stadium/Gym,1.355497958,103.8518653,Indoor,Running/Jogging/Walking/Soccer/Swimming/Badminton/Basketball/Tennis/Table Tennis/Volleyball/Pickleball/Gym
Bukit Batok Swimming Complex,Swimming Complex,1.344974217,103.747781,Outdoor,Swimming
Farrer Park Field and Tennis Centre,Field/Tennis Centre,1.309579958,103.8503389,Outdoor,Running/Jogging/Walking/Tennis
Jalan Besar Sports Centre,Swimming Complex/Stadium,1.310689589,103.859669,Outdoor,Running/Jogging/Walking/Soccer/Swimming
Jurong East Sports Centre,Swimming Complex/Sports Hall/Stadium/Gym/Gateball & Petanque Courts,1.345864148,103.7291389,Indoor,Running/Jogging/Walking/Soccer/Swimming/Badminton/Basketball/Tennis/Table Tennis/Volleyball/Pickleball/Gym
Heartbeat@Bedok,Swimming Complex/Sports Hall/Tennis Centre/Gym,1.327224997,103.9311473,Indoor,Swimming/Badminton/Basketball/Tennis/Table Tennis/Volleyball/Pickleball/Gym
Hougang Sports Centre,Swimming Complex/Sports Hall/Stadium/Gym,1.369844379,103.8861863,Indoor,Running/Jogging/Walking/Soccer/Swimming/Badminton/Basketball/Tennis/Table Tennis/Volleyball/Pickleball/Gym
Bukit Gombak Sports Centre,Sports Hall/Stadium/Gym,1.359687303,103.7518826,Indoor,Running/Jogging/Walking/Soccer/Badminton/Basketball/Tennis/Table Tennis/Volleyball/Pickleball/Gym
Bedok Stadium,Stadium,1.326643536,103.9363512,Outdoor,Running/Jogging/Walking/Soccer
Burghley Squash and Tennis Centre,Squash Centre/Tennis Centre,1.359259324,103.8609261,Indoor,Squash/Tennis
Choa Chu Kang Sports Centre,Swimming Complex/Sports Hall/Stadium/Futsal Court/Tennis Centre/Gym,1.390356158,103.7474516,Indoor,Running/Jogging/Walking/Soccer/Swimming/Badminton/Basketball/Tennis/Table Tennis/Volleyball/Pickleball/Gym
Jurong Stadium,Stadium,1.334080806,103.7185122,Outdoor,Running/Jogging/Walking/Soccer
Our Tampines Hub - Community Auditorium,Swimming Complex/Sports Hall/Gym,1.354367367,103.9407723,Indoor,Swimming/Badminton/Basketball/Tennis/Table Tennis/Volleyball/Pickleball/Gym
Pasir Ris Sports Centre,Swimming Complex/Sports Hall/Stadium/Tennis Centre/Gym,1.374485123,103.9524245,Indoor,Running/Jogging/Walking/Soccer/Swimming/Badminton/Basketball/Tennis/Table Tennis/Volleyball/Pickleball/Gym
Queenstown Sports Centre,Swimming Complex/Stadium,1.297031184,103.8021979,Outdoor,Running/Jogging/Walking/Soccer/Swimming
Sengkang Sports Centre,Swimming Complex/Sports Hall/Gym/Hockey Pitch,1.396286328,103.8875352,Indoor,Swimming/Badminton/Basketball/Tennis/Table Tennis/Volleyball/Pickleball/Gym/Hockey Pitch
Serangoon Sports Centre,Swimming Complex/ Stadium,1.357798947,103.8748197,Outdoor,Running/Jogging/Walking/Soccer/Swimming
Toa Payoh Sports Centre,Swimming Complex/Sports Hall/Stadium/Gym,1.331147109,103.8522613,Indoor,Running/Jogging/Walking/Soccer/Swimming/Badminton/Basketball/Tennis/Table Tennis/Volleyball/Pickleball/Gym
Woodlands Sports Centre,Swimming Complex/Sports Hall/Stadium/Gym,1.435754503,103.780976,Indoor,Running/Jogging/Walking/Soccer/Swimming/Badminton/Basketball/Tennis/Table Tennis/Volleyball/Pickleball/Gym
St Wilfrid Sports Centre,Field/Tennis Centre,1.326055913,103.862155,Outdoor,Running/Jogging/Walking/Tennis
Yio Chu Kang Sports Centre,Swimming Complex/Sports Hall/Stadium/Tennis Centre/Squash Centre/Gym,1.383395628,103.8453869,Indoor,Running/Jogging/Walking/Soccer/Swimming/Badminton/Basketball/Tennis/Table Tennis/Volleyball/Pickleball/Squash/Gym
Yishun Sports Centre,Sports Hall/Stadium/Gym,1.413751049,103.8320384,Indoor,Running/Jogging/Walking/Soccer/Badminton/Basketball/Tennis/Table Tennis/Volleyball/Pickleball/Gym
Yishun Swimming Complex,Swimming Complex,1.424117075,103.8340538,Outdoor,Swimming
Co Curricular Activities Branch,Sports Hall/Stadium/Swimming Complex/Tennis Centre/Squash Centre/Hockey Pitch,1.321299291,103.8201635,Indoor,Running/Jogging/Walking/Soccer/Swimming/Badminton/Basketball/Tennis/Table Tennis/Volleyball/Pickleball/Squash/Hockey Pitch
Delta Sports Centre,Swimming Complex/Sports Hall/Gym/Hockey Pitch,1.290885087,103.820351,Indoor,Swimming/Badminton/Basketball/Tennis/Table Tennis/Volleyball/Pickleball/Gym/Hockey Pitch
Enabling Village Gym,Gym,1.287667964,103.8148432,Indoor,Gym
Geylang East Swimming Complex,Swimming Complex,1.32148423,103.8881483,Outdoor,Swimming
Geylang Field,Field,1.310930873,103.8776116,Outdoor,Running/Jogging/Walking
Labrador Nature Reserve,Running/Jogging/Walking,1.267356204279249,103.8020372193653,Outdoor,Running/Jogging/Walking
Bukit Timah Nature Reserve,Running/Jogging/Walking,1.3540594774834185,103.77909858021012,Outdoor,Running/Jogging/Walking
Upper Seletar Reservoir Park,Running/Jogging/Walking,1.4012617805861975,103.80744001762056,Outdoor,Running/Jogging/Walking
Upper Peirce Reservoir Park,Running/Jogging/Walking,1.372790931891346,103.8118660984769,Outdoor,Running/Jogging/Walking
Thomson Nature Park,Running/Jogging/Walking,1.3826408205973073,103.8220389,Outdoor,Running/Jogging/Walking
Windsor Nature Park,Running/Jogging/Walking,1.3568152417612294,103.82125945835784,Outdoor,Running/Jogging/Walking
Chestnut Nature Park,Running/Jogging/Walking,1.3768728987521912,103.7794380914777,Outdoor,Running/Jogging/Walking
Rifle Range Nature Park,Running/Jogging/Walking,1.3471603920567965,103.78405998387908,Outdoor,Running/Jogging/Walking
Lower Peirce Reservoir Park,Running/Jogging/Walking,1.3692147195643871,103.82649974881976,Outdoor,Running/Jogging/Walking
Zhenghua Nature Park,Running/Jogging/Walking,1.3678343883470532,103.77835108165957,Outdoor,Running/Jogging/Walking
Bukit Batok Town Park,Running/Jogging/Walking,1.357354333611622,103.75607205285507,Outdoor,Running/Jogging/Walking
Bukit Batok Nature Park,Running/Jogging/Walking,1.3500086942926155,103.7646222,Outdoor,Running/Jogging/Walking
Labrador Nature Park,Running/Jogging/Walking,1.2643669344593973,103.80339748868586,Outdoor,Running/Jogging/Walking
Springleaf Nature Park,Running/Jogging/Walking,1.4018864563587008,103.8202989368223,Outdoor,Running/Jogging/Walking
Central Catchment Nature Reserve,Running/Jogging/Walking,1.380770971767438,103.8056173588953,Outdoor,Running/Jogging/Walking
Pulau Sekudu,Running/Jogging/Walking,1.403917815667064,103.98804174981142,Outdoor,Running/Jogging/Walking
Pulau Unum,Running/Jogging/Walking,1.4330328632249223,104.05378181778914,Outdoor,Running/Jogging/Walking
Beting Bronok,Running/Jogging/Walking,1.4370477517511775,104.04685703680678,Outdoor,Running/Jogging/Walking
Dairy Farm Nature Park,Running/Jogging/Walking,1.3626384775863845,103.77355529295431,Outdoor,Running/Jogging/Walking
Sungei Buloh Wetland Reserve,Running/Jogging/Walking,1.4447381191632054,103.72452299950965,Outdoor,Running/Jogging/Walking
Kranji Coastal Nature Park,Running/Jogging/Walking,1.443494442808356,103.73491029435844,Outdoor,Running/Jogging/Walking
Kranji Reservoir Park B,Running/Jogging/Walking,1.439647254559817,103.73782912907258,Outdoor,Running/Jogging/Walking
Kranji Marshes,Running/Jogging/Walking,1.4191552027465542,103.73022739619704,Outdoor,Running/Jogging/Walking
Sungei Buloh Southern Extension,Running/Jogging/Walking,1.4362850593518035,103.71979436257163,Outdoor,Running/Jogging/Walking
Kranji Reservoir Park A,Running/Jogging/Walking,1.4382098785134965,103.74293952628184,Outdoor,Running/Jogging/Walking
Berlayer Creek,Running/Jogging/Walking,1.2677204017234178,103.80514529311108,Outdoor,Running/Jogging/Walking
Pulau Ubin And Chek Jawa,Running/Jogging/Walking,1.4137521320857342,103.96541181276812,Outdoor,Running/Jogging/Walking
Railway Corridor Rifle Range Connector,Running/Jogging/Walking,1.3413819155173663,103.77932119660632,Outdoor,Running/Jogging/Walking
Hindhede Nature Park,Running/Jogging/Walking,1.350243689746012,103.77603671278706,Outdoor,Running/Jogging/Walking
Rail Corridor,Running/Jogging/Walking,1.4034046970832672,103.7535615435598,Outdoor,Running/Jogging/Walking
Bukit Chermin Boardwalk,Running/Jogging/Walking,1.2652889536400571,103.80741828570513,Outdoor,Running/Jogging/Walking
Macritchie Reservoir Pk,Running/Jogging/Walking,1.343450909087146,103.83628135800583,Outdoor,Running/Jogging/Walking
Kallang Linear Park,Running/Jogging/Walking,1.350448945955822,103.8556953,Outdoor,Running/Jogging/Walking
Old Upper Aljunied Road,Running/Jogging/Walking,1.338695399595206,103.87522010900422,Outdoor,Running/Jogging/Walking
Armenian Street (Fcp),Running/Jogging/Walking,1.294482568247657,103.8495024035567,Outdoor,Running/Jogging/Walking
Connaught Drive,Running/Jogging/Walking,1.2898550095739831,103.85327993307943,Outdoor,Running/Jogging/Walking
Canning Rise (Fcp),Running/Jogging/Walking,1.2964151858156534,103.84788253737088,Outdoor,Running/Jogging/Walking
Camp Road Interim Park,Running/Jogging/Walking,1.3024565695099892,103.81847352134145,Outdoor,Running/Jogging/Walking
Changi West Boardwalk (Changi Bc),Running/Jogging/Walking,1.390214721802019,103.9759334480344,Outdoor,Running/Jogging/Walking
Changi Pt Ferry Terminal,Running/Jogging/Walking,1.3912069094980075,103.98731252320438,Outdoor,Running/Jogging/Walking
Tanah Merah Pg,Running/Jogging/Walking,1.3290293360905585,103.9468755488788,Outdoor,Running/Jogging/Walking
Mariam Walk Pg,Running/Jogging/Walking,1.3595473597296697,103.96854744421532,Outdoor,Running/Jogging/Walking
Loyang View Pg,Running/Jogging/Walking,1.3630395003067224,103.96563729241969,Outdoor,Running/Jogging/Walking
Jln Limau Manis Pg,Running/Jogging/Walking,1.324734002766244,103.949045,Outdoor,Running/Jogging/Walking
Jln Angin Laut Pg,Running/Jogging/Walking,1.337183988818048,103.95622497877842,Outdoor,Running/Jogging/Walking
Mera Terrace Pg,Running/Jogging/Walking,1.347404439021593,103.96350603982197,Outdoor,Running/Jogging/Walking
Eastwood Pk Pg,Running/Jogging/Walking,1.323160024115253,103.95756375074508,Outdoor,Running/Jogging/Walking
Jln Chempaka Kuning Pg,Running/Jogging/Walking,1.3297574948727169,103.95016432778704,Outdoor,Running/Jogging/Walking
Jln Pari Burong Pg,Running/Jogging/Walking,1.3338302667621265,103.9469615014862,Outdoor,Running/Jogging/Walking
Jln Pari Dedap Pg,Running/Jogging/Walking,1.3330205537387907,103.9438804788435,Outdoor,Running/Jogging/Walking
Jln Pelatok Pg,Running/Jogging/Walking,1.3461443277769334,103.9603400330171,Outdoor,Running/Jogging/Walking
Meragi Rd Pg,Running/Jogging/Walking,1.3443834054676365,103.96028263817686,Outdoor,Running/Jogging/Walking
Sunbird Circle Pg,Running/Jogging/Walking,1.3390909036288612,103.95824012802514,Outdoor,Running/Jogging/Walking
Pesari Walk Pg,Running/Jogging/Walking,1.324429638,103.9539785936791,Outdoor,Running/Jogging/Walking
Bedok Ria Crescent Pg,Running/Jogging/Walking,1.3274173484689635,103.95308237796718,Outdoor,Running/Jogging/Walking
Harvey Crescent Pg,Running/Jogging/Walking,1.340659028078158,103.95519192385744,Outdoor,Running/Jogging/Walking
Mariam Way Pg,Running/Jogging/Walking,1.3619451550131056,103.96623348811328,Outdoor,Running/Jogging/Walking
Bedok Terrace Pg,Running/Jogging/Walking,1.3255436014309503,103.94750561924356,Outdoor,Running/Jogging/Walking
Kew Dr Pg,Running/Jogging/Walking,1.3207095314104476,103.95175430405384,Outdoor,Running/Jogging/Walking
Limau Garden Pg,Running/Jogging/Walking,1.3224821249750645,103.95069132925602,Outdoor,Running/Jogging/Walking
Lucky Gardens Pg,Running/Jogging/Walking,1.3192870715386174,103.9413761221936,Outdoor,Running/Jogging/Walking
Sennett Ave Pg,Running/Jogging/Walking,1.3169670574437695,103.9362801690712,Outdoor,Running/Jogging/Walking
Jln Limau Kasturi Pg,Running/Jogging/Walking,1.3239737649827956,103.9463890608454,Outdoor,Running/Jogging/Walking
Kew Ave Pg,Running/Jogging/Walking,1.3216265387648582,103.94845050181046,Outdoor,Running/Jogging/Walking
Kew Crescent Pg,Running/Jogging/Walking,1.3191875527603305,103.94858574719048,Outdoor,Running/Jogging/Walking
Limau Villas Pg,Running/Jogging/Walking,1.323872450926419,103.95051409597892,Outdoor,Running/Jogging/Walking
Changi Heights Pg,Running/Jogging/Walking,1.3628436477636612,103.97220437477232,Outdoor,Running/Jogging/Walking
Turnhouse Pk,Running/Jogging/Walking,1.3899035701307043,103.97897923032566,Outdoor,Running/Jogging/Walking
Sennett Ave Os,Running/Jogging/Walking,1.3187872216619958,103.93933426138598,Outdoor,Running/Jogging/Walking
Jln Limau Kasturi Os,Running/Jogging/Walking,1.3244942567211289,103.94622771976444,Outdoor,Running/Jogging/Walking
Jln Pelatok Os,Running/Jogging/Walking,1.3461745741609257,103.9608568,Outdoor,Running/Jogging/Walking
Changi East Boardwalk (Changi Ferry Ter),Running/Jogging/Walking,1.3922188152832382,103.98418177001932,Outdoor,Running/Jogging/Walking
Changi Point Promenade,Running/Jogging/Walking,1.390205184340595,103.98911988020669,Outdoor,Running/Jogging/Walking
Changi Point Waterfront Pk,Running/Jogging/Walking,1.390432538379985,103.98826627962664,Outdoor,Running/Jogging/Walking
East Coast Park Area A,Running/Jogging/Walking,1.2940495430765615,103.8695862425583,Outdoor,Running/Jogging/Walking
East Coast Park Area B,Running/Jogging/Walking,1.2964678008886763,103.9001313600413,Outdoor,Running/Jogging/Walking
East Coast Park Area C,Running/Jogging/Walking,1.3003516412785827,103.9124608129566,Outdoor,Running/Jogging/Walking
East Coast Park Area D,Running/Jogging/Walking,1.3042740200267715,103.92522216230093,Outdoor,Running/Jogging/Walking
East Coast Park Area E,Running/Jogging/Walking,1.3070449786398983,103.93262756176313,Outdoor,Running/Jogging/Walking
East Coast Park Area F,Running/Jogging/Walking,1.3094728613979874,103.93960025910638,Outdoor,Running/Jogging/Walking
East Coast Park Area G,Running/Jogging/Walking,1.3136017962337767,103.95838226458032,Outdoor,Running/Jogging/Walking
East Coast Park Area H,Running/Jogging/Walking,1.3156703807949146,103.96739962650976,Outdoor,Running/Jogging/Walking
Bedok Town Pk,Running/Jogging/Walking,1.3349549871052688,103.92387217567484,Outdoor,Running/Jogging/Walking
Bedok Reservoir Pk,Running/Jogging/Walking,1.345993325913916,103.9268117020706,Outdoor,Running/Jogging/Walking
Yarrow Park,Running/Jogging/Walking,1.3154230233745818,103.9215019485704,Outdoor,Running/Jogging/Walking
Siglap Linear Pk (Upp Ec Rd-M Parade),Running/Jogging/Walking,1.3112841044746677,103.92840651937104,Outdoor,Running/Jogging/Walking
Tanjong Katong Rd South Pg,Running/Jogging/Walking,1.3001741105275455,103.89732193154624,Outdoor,Running/Jogging/Walking
Jln Buloh Perindu Pg,Running/Jogging/Walking,1.308482597500017,103.9193844827303,Outdoor,Running/Jogging/Walking
Meyer Rd Pg,Running/Jogging/Walking,1.298568516607628,103.89419707868944,Outdoor,Running/Jogging/Walking
East Coast Terrace Pk,Running/Jogging/Walking,1.310960090654787,103.92380556094116,Outdoor,Running/Jogging/Walking
Telok Kurau Pk,Running/Jogging/Walking,1.315364761626945,103.91428584740628,Outdoor,Running/Jogging/Walking
Elite Terrace Pk,Running/Jogging/Walking,1.315598845207545,103.92430631411794,Outdoor,Running/Jogging/Walking
Siglap Linear Pk (Jln B'Wan-Upp Ec Rd),Running/Jogging/Walking,1.3143798428279885,103.92740863602118,Outdoor,Running/Jogging/Walking
Geylang East Pk,Running/Jogging/Walking,1.3217717845216927,103.88765907111087,Outdoor,Running/Jogging/Walking
Greenfield Dr Pg,Running/Jogging/Walking,1.313035476842194,103.9176563499074,Outdoor,Running/Jogging/Walking
Bangsawan Pk,Running/Jogging/Walking,1.3212075676318946,103.9238379455894,Outdoor,Running/Jogging/Walking
Aida Pk,Running/Jogging/Walking,1.319379621733533,103.92792692780095,Outdoor,Running/Jogging/Walking
Jln Senang Pg,Running/Jogging/Walking,1.3290153443376749,103.91556908211406,Outdoor,Running/Jogging/Walking
Opera Estate Football Field,Running/Jogging/Walking,1.3201011447755768,103.9244561275522,Outdoor,Running/Jogging/Walking
Carpmael Park,Running/Jogging/Walking,1.3115022361545772,103.89895133769063,Outdoor,Running/Jogging/Walking
Taman Kembangan Pg,Running/Jogging/Walking,1.325003304751308,103.91440219019876,Outdoor,Running/Jogging/Walking
Waringin Pk Pg,Running/Jogging/Walking,1.3230230142980837,103.91917852870084,Outdoor,Running/Jogging/Walking
Arthur Pk,Running/Jogging/Walking,1.303888229,103.88821400899496,Outdoor,Running/Jogging/Walking
Lorong 40 Geylang Pg,Running/Jogging/Walking,1.313633000793319,103.88936940225832,Outdoor,Running/Jogging/Walking
Guillemard Rd Os,Running/Jogging/Walking,1.3145512726897666,103.89239730438597,Outdoor,Running/Jogging/Walking
Interim Pk At Terang Bulan Ave,Running/Jogging/Walking,1.3216332972410234,103.9215767962677,Outdoor,Running/Jogging/Walking
Mt Batten Rd/Old Airport Rd Os,Running/Jogging/Walking,1.30574055,103.88330755751576,Outdoor,Running/Jogging/Walking
Katong Pk,Running/Jogging/Walking,1.2971665037074374,103.88634784301112,Outdoor,Running/Jogging/Walking
Marine Parade Rd Pk,Running/Jogging/Walking,1.3048983342903429,103.90802872780476,Outdoor,Running/Jogging/Walking
Wilkinson Interim Pk,Running/Jogging/Walking,1.3016518077516772,103.88731326519634,Outdoor,Running/Jogging/Walking
Haig Walk (Geylang Rd-Dunman Rd),Running/Jogging/Walking,1.306519322047545,103.90074024162854,Outdoor,Running/Jogging/Walking
Joo Chiat Terrace Pk,Running/Jogging/Walking,1.3144083767581638,103.90169892988682,Outdoor,Running/Jogging/Walking
Lorong Sarina Interim Pk,Running/Jogging/Walking,1.320143721936378,103.90608246484211,Outdoor,Running/Jogging/Walking
Jln Ismail Pk,Running/Jogging/Walking,1.323199026136176,103.9058590154343,Outdoor,Running/Jogging/Walking
Pasir Ris Pk,Running/Jogging/Walking,1.378684204466107,103.95217308419336,Outdoor,Running/Jogging/Walking
Pasir Ris Town Pk,Running/Jogging/Walking,1.3716892154609006,103.95240633384716,Outdoor,Running/Jogging/Walking
Sun Plaza Pk,Running/Jogging/Walking,1.358555426020648,103.94344045133047,Outdoor,Running/Jogging/Walking
Sg Api Api Pk,Running/Jogging/Walking,1.378883969790186,103.94600303665656,Outdoor,Running/Jogging/Walking
Elias Terrace Pg,Running/Jogging/Walking,1.3722284299777547,103.94108425200558,Outdoor,Running/Jogging/Walking
Hortpark,Running/Jogging/Walking,1.2790779706631137,103.79805321601928,Outdoor,Running/Jogging/Walking
Pasir Panjang Nursery,Running/Jogging/Walking,1.281589774272301,103.79387132126212,Outdoor,Running/Jogging/Walking
Native Plant Centre,Running/Jogging/Walking,1.417275032313983,103.72747774076976,Outdoor,Running/Jogging/Walking
Pek Kio Park,Running/Jogging/Walking,1.3160787636454023,103.84921504660436,Outdoor,Running/Jogging/Walking
Ang Mo Kio Town Garden East,Running/Jogging/Walking,1.3705710218874323,103.85028589165374,Outdoor,Running/Jogging/Walking
Ang Mo Kio Town Garden West,Running/Jogging/Walking,1.3745094714262072,103.8427395942111,Outdoor,Running/Jogging/Walking
Bishan-Ang Mo Kio Park (Pond Gardens),Running/Jogging/Walking,1.365206898591455,103.83640855422084,Outdoor,Running/Jogging/Walking
Bishan-Ang Mo Kio Park (River Plains),Running/Jogging/Walking,1.3605206612391525,103.84886679994813,Outdoor,Running/Jogging/Walking
Chuan Green Pg,Running/Jogging/Walking,1.3604796821887382,103.86600839566016,Outdoor,Running/Jogging/Walking
St. Nicholas View Playground,Running/Jogging/Walking,1.371626440943886,103.83278502528952,Outdoor,Running/Jogging/Walking
Ellington Square Playground,Running/Jogging/Walking,1.372002308967111,103.8345303604276,Outdoor,Running/Jogging/Walking
Gelenggang Park,Running/Jogging/Walking,1.3734758941034848,103.82983449183553,Outdoor,Running/Jogging/Walking
Leban Park,Running/Jogging/Walking,1.3724595958171455,103.82929233400442,Outdoor,Running/Jogging/Walking
Mayflower Crescent Pg,Running/Jogging/Walking,1.3727323067423003,103.83952885224149,Outdoor,Running/Jogging/Walking
Serenade Walk Pg,Running/Jogging/Walking,1.3799210099648818,103.83455966687733,Outdoor,Running/Jogging/Walking
Shangri-La Playground,Running/Jogging/Walking,1.3710206044793614,103.83239200313676,Outdoor,Running/Jogging/Walking
Sunrise Close Pg,Running/Jogging/Walking,1.3870117216117048,103.85750994675662,Outdoor,Running/Jogging/Walking
Sunrise Dr Pg I,Running/Jogging/Walking,1.3883057124857408,103.85736958326424,Outdoor,Running/Jogging/Walking
Sunrise Place Pg,Running/Jogging/Walking,1.386942603910854,103.85660014074122,Outdoor,Running/Jogging/Walking
Sunrise Way Pg,Running/Jogging/Walking,1.387674298772381,103.85668008439828,Outdoor,Running/Jogging/Walking
Teacher`S Estate Pg,Running/Jogging/Walking,1.3819922656658334,103.82919950234891,Outdoor,Running/Jogging/Walking
Thomson Green Pg,Running/Jogging/Walking,1.3786921826899312,103.83262325345856,Outdoor,Running/Jogging/Walking
Thomson Walk Pg,Running/Jogging/Walking,1.3760005695093724,103.83248564324283,Outdoor,Running/Jogging/Walking
Yio Chu Kang Gardens Pg,Running/Jogging/Walking,1.3806810614421143,103.83748739794768,Outdoor,Running/Jogging/Walking
Sunrise Terrace Os,Running/Jogging/Walking,1.3882473907685913,103.85611706221468,Outdoor,Running/Jogging/Walking
Cactus Rd Pg,Running/Jogging/Walking,1.3901090514350167,103.8522364751832,Outdoor,Running/Jogging/Walking
Sunrise Dr Pg Ii,Running/Jogging/Walking,1.3903014178121826,103.85525165964457,Outdoor,Running/Jogging/Walking
Chartwell Dr Pk,Running/Jogging/Walking,1.359630704066999,103.86387162020544,Outdoor,Running/Jogging/Walking
Garden View Pg,Running/Jogging/Walking,1.360424882312599,103.8656694375827,Outdoor,Running/Jogging/Walking
Jln Riang Pg,Running/Jogging/Walking,1.347142606318519,103.8673953575574,Outdoor,Running/Jogging/Walking
Mei Hwan Crescent Pg,Running/Jogging/Walking,1.3527669553311927,103.8617432585592,Outdoor,Running/Jogging/Walking
Mei Hwan Dr Pg,Running/Jogging/Walking,1.3533500946535582,103.86347279914048,Outdoor,Running/Jogging/Walking
Tai Hwan Terrace Pg,Running/Jogging/Walking,1.356445511239319,103.8603394027534,Outdoor,Running/Jogging/Walking
Tavistock Ave Pk,Running/Jogging/Walking,1.3702072455001193,103.86535828554187,Outdoor,Running/Jogging/Walking
Chuan Walk Pg,Running/Jogging/Walking,1.357221760934428,103.86755286023556,Outdoor,Running/Jogging/Walking
Colchester Grove Os,Running/Jogging/Walking,1.357584773,103.86745449486286,Outdoor,Running/Jogging/Walking
Binchang Rise Pg,Running/Jogging/Walking,1.3486736465484723,103.84354841240868,Outdoor,Running/Jogging/Walking
Thomson Pk,Running/Jogging/Walking,1.354291095873925,103.83436394111058,Outdoor,Running/Jogging/Walking
Clover Way Pg,Running/Jogging/Walking,1.350177118,103.84602143139854,Outdoor,Running/Jogging/Walking
Fulton Ave Pg,Running/Jogging/Walking,1.3621074576917207,103.83352102521286,Outdoor,Running/Jogging/Walking
Island Gdns Walk Pg,Running/Jogging/Walking,1.3619988729063952,103.82843911048238,Outdoor,Running/Jogging/Walking
Jln Pintau Pg,Running/Jogging/Walking,1.3539456694819354,103.83997321893165,Outdoor,Running/Jogging/Walking
Jupiter Playground,Running/Jogging/Walking,1.3582711671757906,103.8251367708756,Outdoor,Running/Jogging/Walking
Pemimpin Place Pg,Running/Jogging/Walking,1.353369937451072,103.8427195604123,Outdoor,Running/Jogging/Walking
Soo Chow Walk Pg,Running/Jogging/Walking,1.3536471358303632,103.83202835279197,Outdoor,Running/Jogging/Walking
Clover Crescent Pg,Running/Jogging/Walking,1.351048150254165,103.84457614791424,Outdoor,Running/Jogging/Walking
The Inglewood Pg,Running/Jogging/Walking,1.3610744597440587,103.8300516835762,Outdoor,Running/Jogging/Walking
Carmichael Rd Pg,Running/Jogging/Walking,1.342681439241684,103.86300718141766,Outdoor,Running/Jogging/Walking
Taman Permata Pk,Running/Jogging/Walking,1.3500656010895002,103.83498979568336,Outdoor,Running/Jogging/Walking
Chuan Lane Park,Running/Jogging/Walking,1.3517560673798326,103.85808296065588,Outdoor,Running/Jogging/Walking
Punggol Pk,Running/Jogging/Walking,1.376937578338443,103.89864411031115,Outdoor,Running/Jogging/Walking
Coney Island Park,Running/Jogging/Walking,1.4094585525108143,103.92150970647592,Outdoor,Running/Jogging/Walking
Aljunied Pk,Running/Jogging/Walking,1.3291384360598753,103.87996253232023,Outdoor,Running/Jogging/Walking
Surin Ave Neighbourhood Pk,Running/Jogging/Walking,1.355576445,103.8840856,Outdoor,Running/Jogging/Walking
Tai Keng Gardens Pg,Running/Jogging/Walking,1.3461705316929746,103.88505458283812,Outdoor,Running/Jogging/Walking
Paya Lebar Crescent Os,Running/Jogging/Walking,1.3489666098728343,103.8835687297887,Outdoor,Running/Jogging/Walking
Thrift Dr Os,Running/Jogging/Walking,1.3438865600041416,103.88324732394916,Outdoor,Running/Jogging/Walking
Aroozoo Ave Pg,Running/Jogging/Walking,1.3551968667416656,103.88595627294951,Outdoor,Running/Jogging/Walking
Tai Keng Place Pg,Running/Jogging/Walking,1.345041324620566,103.88484078064656,Outdoor,Running/Jogging/Walking
Jln Kelichap Pg,Running/Jogging/Walking,1.346782057161644,103.88182461306774,Outdoor,Running/Jogging/Walking
Jln Selaseh Pg,Running/Jogging/Walking,1.3856016503500974,103.87338201184058,Outdoor,Running/Jogging/Walking
Lilac Dr Pg,Running/Jogging/Walking,1.381151158087855,103.86114379728288,Outdoor,Running/Jogging/Walking
Mimosa Rd Pg,Running/Jogging/Walking,1.3841919506036495,103.86304382230897,Outdoor,Running/Jogging/Walking
Mimosa Walk Pg,Running/Jogging/Walking,1.383104821325127,103.8614600654721,Outdoor,Running/Jogging/Walking
Mugliston Pk Pg,Running/Jogging/Walking,1.3854458918398724,103.87790631675026,Outdoor,Running/Jogging/Walking
Neram Crescent Pg,Running/Jogging/Walking,1.3855886003480908,103.86574410141814,Outdoor,Running/Jogging/Walking
Tamarind Rd Pg,Running/Jogging/Walking,1.3896991865137869,103.86020178045604,Outdoor,Running/Jogging/Walking
Nim Crescent Os,Running/Jogging/Walking,1.3830798457367532,103.86684092302164,Outdoor,Running/Jogging/Walking
Begonia Rd Pg,Running/Jogging/Walking,1.387819699835976,103.8632895690186,Outdoor,Running/Jogging/Walking
Jln Naung Pg,Running/Jogging/Walking,1.3695631217362907,103.89282189717284,Outdoor,Running/Jogging/Walking
Parry Rd Pg,Running/Jogging/Walking,1.3660287545609888,103.87750439954596,Outdoor,Running/Jogging/Walking
Saraca Rd Pg,Running/Jogging/Walking,1.3866687658523218,103.8586374762825,Outdoor,Running/Jogging/Walking
Dedap Place Pg,Running/Jogging/Walking,1.3877975742272126,103.86841336325828,Outdoor,Running/Jogging/Walking
Poh Huat Rd Pg,Running/Jogging/Walking,1.3669371159298906,103.88161112353755,Outdoor,Running/Jogging/Walking
Stratton Walk Pg,Running/Jogging/Walking,1.3792369849722972,103.86696717182308,Outdoor,Running/Jogging/Walking
Seletar Terrace Pg,Running/Jogging/Walking,1.381482754028751,103.86877440484598,Outdoor,Running/Jogging/Walking
St Anne'S Wood Pg,Running/Jogging/Walking,1.3916400676753395,103.9037361498062,Outdoor,Running/Jogging/Walking
Pk Villas Terrace Pg,Running/Jogging/Walking,1.368992827751172,103.87996361274368,Outdoor,Running/Jogging/Walking
Mimosa Terrace Pg,Running/Jogging/Walking,1.3840503584654404,103.86044968677317,Outdoor,Running/Jogging/Walking
Dew Garden,Running/Jogging/Walking,1.3992663452473966,103.8710654,Outdoor,Running/Jogging/Walking
Parry Ave Interim Pk,Running/Jogging/Walking,1.3639250471555793,103.8811344873211,Outdoor,Running/Jogging/Walking
Richards Ave Pk,Running/Jogging/Walking,1.3609285905492048,103.8821291218715,Outdoor,Running/Jogging/Walking
Butterfly Ave Pg,Running/Jogging/Walking,1.3344335664826814,103.87733653681292,Outdoor,Running/Jogging/Walking
Chempaka Ave Pg,Running/Jogging/Walking,1.3318740875843238,103.87561556762392,Outdoor,Running/Jogging/Walking
Jln Geneng Interim Pk,Running/Jogging/Walking,1.35333767,103.8808747649801,Outdoor,Running/Jogging/Walking
Sengkang Riverside Pk,Running/Jogging/Walking,1.399448212789253,103.88432517223448,Outdoor,Running/Jogging/Walking
Oasis@Mulberry Pk,Running/Jogging/Walking,1.3328961389324478,103.87843597247893,Outdoor,Running/Jogging/Walking
Siang Kuang Ave Interim Pk,Running/Jogging/Walking,1.329828369730656,103.87304948216776,Outdoor,Running/Jogging/Walking
Lorong Tanggam Pk,Running/Jogging/Walking,1.3989789258957948,103.87375495285376,Outdoor,Running/Jogging/Walking
Upper Paya Lebar Interim Park,Running/Jogging/Walking,1.3435839278077557,103.88246411823552,Outdoor,Running/Jogging/Walking
Nim Meadow Park,Running/Jogging/Walking,1.378616619290899,103.86340432365589,Outdoor,Running/Jogging/Walking
Greenway South,Running/Jogging/Walking,1.3351785173598223,103.8720608249384,Outdoor,Running/Jogging/Walking
Fernvale Park,Running/Jogging/Walking,1.397514524959929,103.87487871240788,Outdoor,Running/Jogging/Walking
Sembawang Pk,Running/Jogging/Walking,1.461502967101001,103.83684542660218,Outdoor,Running/Jogging/Walking
Yishun Pk,Running/Jogging/Walking,1.4243757202836804,103.8426096912604,Outdoor,Running/Jogging/Walking
Lower Seletar Reservoir Park,Running/Jogging/Walking,1.4074398977574718,103.82889324908156,Outdoor,Running/Jogging/Walking
Lentor Walk Pg,Running/Jogging/Walking,1.388630957046075,103.83838324853672,Outdoor,Running/Jogging/Walking
Countryside Pg,Running/Jogging/Walking,1.390187591950226,103.83840795464988,Outdoor,Running/Jogging/Walking
Lentor Street Pg,Running/Jogging/Walking,1.3900981863835726,103.83427652569794,Outdoor,Running/Jogging/Walking
Florissa Pk Pg,Running/Jogging/Walking,1.3869730932271511,103.83507298158987,Outdoor,Running/Jogging/Walking
Fudu Walk Pg,Running/Jogging/Walking,1.3898351218920812,103.83723438334812,Outdoor,Running/Jogging/Walking
Lentor Green Pg,Running/Jogging/Walking,1.3852857282719149,103.83705647129632,Outdoor,Running/Jogging/Walking
Lentor Grove Pg,Running/Jogging/Walking,1.3863846910693212,103.83837072390618,Outdoor,Running/Jogging/Walking
Lentor Rd Pg,Running/Jogging/Walking,1.388291903488832,103.8375722009472,Outdoor,Running/Jogging/Walking
Lentor Vale Pg,Running/Jogging/Walking,1.388054236018028,103.8361460821369,Outdoor,Running/Jogging/Walking
Banyan Villas Pg,Running/Jogging/Walking,1.3872785047323783,103.83885324901108,Outdoor,Running/Jogging/Walking
Yishun Neighbourhood Pk,Running/Jogging/Walking,1.4377572398692902,103.835058,Outdoor,Running/Jogging/Walking
Platina Rd Pg,Running/Jogging/Walking,1.427545345731652,103.82611872435533,Outdoor,Running/Jogging/Walking
Goodlink Pk Pg,Running/Jogging/Walking,1.4272996068699648,103.8253925844362,Outdoor,Running/Jogging/Walking
Springleaf Garden Pg,Running/Jogging/Walking,1.3980392651067637,103.82232177612995,Outdoor,Running/Jogging/Walking
Thong Soon Green Pg,Running/Jogging/Walking,1.4000547089156712,103.81838893422372,Outdoor,Running/Jogging/Walking
Springleaf Ave Pg,Running/Jogging/Walking,1.4009038349808505,103.82259766879524,Outdoor,Running/Jogging/Walking
Kandis Garden,Running/Jogging/Walking,1.4561915535787118,103.83564474294631,Outdoor,Running/Jogging/Walking
Janggus Garden,Running/Jogging/Walking,1.4575398277036695,103.8369838,Outdoor,Running/Jogging/Walking
Pebble Garden,Running/Jogging/Walking,1.4506449229179543,103.82949312449736,Outdoor,Running/Jogging/Walking
Springside Pk,Running/Jogging/Walking,1.4056719,103.82060743654344,Outdoor,Running/Jogging/Walking
Yishun Pond Pk,Running/Jogging/Walking,1.4280122121941303,103.83948703941309,Outdoor,Running/Jogging/Walking
Marsiling Park,Running/Jogging/Walking,1.4376329309110691,103.76993442393145,Outdoor,Running/Jogging/Walking
Choa Chu Kang Pk,Running/Jogging/Walking,1.3868788943203836,103.74719419176785,Outdoor,Running/Jogging/Walking
Woodlands Town Pk East,Running/Jogging/Walking,1.4366664600205694,103.77932336433604,Outdoor,Running/Jogging/Walking
Cashew Rd Pg,Running/Jogging/Walking,1.370599819099977,103.76466780670852,Outdoor,Running/Jogging/Walking
Chestnut Dr Pg,Running/Jogging/Walking,1.3676337346860437,103.76882971645354,Outdoor,Running/Jogging/Walking
Cashew Link Pg,Running/Jogging/Walking,1.3713588873705078,103.76892501358682,Outdoor,Running/Jogging/Walking
Jln Rasok Pk,Running/Jogging/Walking,1.4165006473670392,103.7590319133802,Outdoor,Running/Jogging/Walking
Almond Crescent Pg,Running/Jogging/Walking,1.373212444460707,103.7719806052826,Outdoor,Running/Jogging/Walking
Hazel Pk Os,Running/Jogging/Walking,1.371634605,103.76364488514352,Outdoor,Running/Jogging/Walking
Villa Verde Pk,Running/Jogging/Walking,1.3904215007174316,103.75295144222656,Outdoor,Running/Jogging/Walking
Admiralty Pk,Running/Jogging/Walking,1.4503318491150956,103.78004641287625,Outdoor,Running/Jogging/Walking
Cashew Crescent Fc Pg,Running/Jogging/Walking,1.372244853589548,103.76949467203684,Outdoor,Running/Jogging/Walking
Market Street Park,Running/Jogging/Walking,1.2834502283705302,103.85025257913112,Outdoor,Running/Jogging/Walking
Hampstead Wetlands Park,Running/Jogging/Walking,1.40918682,103.86927945315952,Outdoor,Running/Jogging/Walking
Youth Olympic Pk,Running/Jogging/Walking,1.2890334954405511,103.86063943635142,Outdoor,Running/Jogging/Walking
Macpherson Linear Pk,Running/Jogging/Walking,1.3337984538293288,103.88170606628692,Outdoor,Running/Jogging/Walking
Coronation Park,Running/Jogging/Walking,1.3220260236043055,103.79640044992216,Outdoor,Running/Jogging/Walking
Holland Village Pk,Running/Jogging/Walking,1.3117302451456774,103.79554394732374,Outdoor,Running/Jogging/Walking
Bunga Rampai Pk,Running/Jogging/Walking,1.3404755199680845,103.88429612227289,Outdoor,Running/Jogging/Walking
Jalan Sembilang Park,Running/Jogging/Walking,1.3565655208983551,103.83403585965392,Outdoor,Running/Jogging/Walking
Bidadari Pk,Running/Jogging/Walking,1.3406917048981004,103.8743258471834,Outdoor,Running/Jogging/Walking
St Michael'S Pg,Running/Jogging/Walking,1.3262280949094876,103.8648876663764,Outdoor,Running/Jogging/Walking
St Michael'S Fc,Running/Jogging/Walking,1.326495585887167,103.86510904659654,Outdoor,Running/Jogging/Walking
Cambridge Park,Running/Jogging/Walking,1.3136609018175494,103.8468378224805,Outdoor,Running/Jogging/Walking
Kheam Hock Park,Running/Jogging/Walking,1.3304435596940567,103.81920708492936,Outdoor,Running/Jogging/Walking
Ceylon Road Interim Park,Running/Jogging/Walking,1.309780416441062,103.89959814941292,Outdoor,Running/Jogging/Walking
Haig Walk Extension,Running/Jogging/Walking,1.3106817056633298,103.89867693205032,Outdoor,Running/Jogging/Walking
Onan Road Green Space,Running/Jogging/Walking,1.310097065723525,103.90071942071468,Outdoor,Running/Jogging/Walking
Tras Link Pk,Running/Jogging/Walking,1.2764576104339909,103.84379019866222,Outdoor,Running/Jogging/Walking
Venus Green,Running/Jogging/Walking,1.358671631467662,103.8272662339768,Outdoor,Running/Jogging/Walking
Green Lane Park,Running/Jogging/Walking,1.310798045128343,103.89248426858596,Outdoor,Running/Jogging/Walking
Mar Thoma Road Park,Running/Jogging/Walking,1.3273571946342186,103.86202838719863,Outdoor,Running/Jogging/Walking
Sian Tuan Interim Park,Running/Jogging/Walking,1.338593568895342,103.78618858002515,Outdoor,Running/Jogging/Walking
Lorong Ong Lye Park,Running/Jogging/Walking,1.3477598168274654,103.87869663058362,Outdoor,Running/Jogging/Walking
Koon Seng Park,Running/Jogging/Walking,1.311044866160587,103.90283322069531,Outdoor,Running/Jogging/Walking
How Sun Linear Park,Running/Jogging/Walking,1.345891826878166,103.87813597290209,Outdoor,Running/Jogging/Walking
Tampines Eco Green Pk,Running/Jogging/Walking,1.3637104850934063,103.94837674998736,Outdoor,Running/Jogging/Walking
Lengkong Enam Park,Running/Jogging/Walking,1.327364090817036,103.91473692531704,Outdoor,Running/Jogging/Walking
Jalan Senang Linear Park,Running/Jogging/Walking,1.3255723945320617,103.9171842498364,Outdoor,Running/Jogging/Walking
Tanah Puteh Pk,Running/Jogging/Walking,1.3158268685002996,103.93135824060478,Outdoor,Running/Jogging/Walking
Telok Kurau Lorong N Pk,Running/Jogging/Walking,1.3103250756376554,103.91280540959376,Outdoor,Running/Jogging/Walking
Jln Daud Pk,Running/Jogging/Walking,1.3258268500339527,103.90710085142923,Outdoor,Running/Jogging/Walking
Jln Daud Interim Pk,Running/Jogging/Walking,1.3255910007377705,103.9065336272202,Outdoor,Running/Jogging/Walking
Jln Eunos Interim Pk,Running/Jogging/Walking,1.3249340929151467,103.90600138050888,Outdoor,Running/Jogging/Walking
Jln Awang Interim Pk,Running/Jogging/Walking,1.323882729509606,103.90586782493943,Outdoor,Running/Jogging/Walking
Jln Yasin Interim Pk,Running/Jogging/Walking,1.3213610329678636,103.90555486606854,Outdoor,Running/Jogging/Walking
Sennett Ave Linear Pk,Running/Jogging/Walking,1.317581114211267,103.93596368818606,Outdoor,Running/Jogging/Walking
Jalan Ishak Park,Running/Jogging/Walking,1.324143795221918,103.90719783457328,Outdoor,Running/Jogging/Walking
Lorong Marican Park,Running/Jogging/Walking,1.3238874167098094,103.90793148364664,Outdoor,Running/Jogging/Walking
Lorong Marzuki Park,Running/Jogging/Walking,1.3237972700036256,103.90833923340004,Outdoor,Running/Jogging/Walking
Lorong Melayu Park,Running/Jogging/Walking,1.3239981939644312,103.90932502642964,Outdoor,Running/Jogging/Walking
Jalan Singa Park,Running/Jogging/Walking,1.3309719001814444,103.9069388354374,Outdoor,Running/Jogging/Walking
Sea Breeze Avenue Park,Running/Jogging/Walking,1.3386583856793284,103.95218941847628,Outdoor,Running/Jogging/Walking
Sea Breeze Garden Park,Running/Jogging/Walking,1.337865928554698,103.95042164618069,Outdoor,Running/Jogging/Walking
Jln Kayu Pk,Running/Jogging/Walking,1.3981028673361924,103.87288129000338,Outdoor,Running/Jogging/Walking
Punggol Waterway Pk,Running/Jogging/Walking,1.4109972133070596,103.90481505251176,Outdoor,Running/Jogging/Walking
Chiltern Drive Interim Park,Running/Jogging/Walking,1.3485590553796722,103.86200639142878,Outdoor,Running/Jogging/Walking
Luxus Hills Park,Running/Jogging/Walking,1.3794966735254204,103.8750061921116,Outdoor,Running/Jogging/Walking
Colchester Grove Interim Os,Running/Jogging/Walking,1.3564831011967846,103.86674253718547,Outdoor,Running/Jogging/Walking
Ang Mo Kio Linear Pk (Plot 2),Running/Jogging/Walking,1.379334234,103.87176018975931,Outdoor,Running/Jogging/Walking
Ang Mo Kio Linear Pk (Plot 3),Running/Jogging/Walking,1.379191402986932,103.86871835024394,Outdoor,Running/Jogging/Walking
Jln Kayu Interim Pk,Running/Jogging/Walking,1.3987879613464556,103.87253565687772,Outdoor,Running/Jogging/Walking
Realty Park,Running/Jogging/Walking,1.3682274567821835,103.89011876921556,Outdoor,Running/Jogging/Walking
Paya Lebar Road Park,Running/Jogging/Walking,1.3328488352836063,103.88858043913332,Outdoor,Running/Jogging/Walking
Woodlands Waterfront Pk,Running/Jogging/Walking,1.4533560651448352,103.78131812725178,Outdoor,Running/Jogging/Walking
Kemuning Pk,Running/Jogging/Walking,1.4393255722864349,103.82708060222012,Outdoor,Running/Jogging/Walking
Legundi Pk,Running/Jogging/Walking,1.4411560592577497,103.82207014723264,Outdoor,Running/Jogging/Walking
Brook'S Park,Running/Jogging/Walking,1.4056081881963591,103.82297934779446,Outdoor,Running/Jogging/Walking
Haus Linear Park,Running/Jogging/Walking,1.364469664935699,103.86001282197256,Outdoor,Running/Jogging/Walking
Sembawang Hot Spring Park,Running/Jogging/Walking,1.4343322631927482,103.82264581250642,Outdoor,Running/Jogging/Walking
Irau Drive Playground,Running/Jogging/Walking,1.461943538497985,103.84006882882944,Outdoor,Running/Jogging/Walking
Upper Serangoon Park,Running/Jogging/Walking,1.3516374385511811,103.87522575970937,Outdoor,Running/Jogging/Walking
Lorong Kemunchup Playground,Running/Jogging/Walking,1.3603930473435468,103.76093338574456,Outdoor,Running/Jogging/Walking
Jalan Remaja Interim Park,Running/Jogging/Walking,1.357578323803302,103.760776,Outdoor,Running/Jogging/Walking
Fuyong Interim Pk,Running/Jogging/Walking,1.3574541615680369,103.7687509521143,Outdoor,Running/Jogging/Walking
Chestnut Close Park,Running/Jogging/Walking,1.3689466349411357,103.7733007053261,Outdoor,Running/Jogging/Walking
Pavilion Playground Ii,Running/Jogging/Walking,1.3683404220725546,103.75343447476293,Outdoor,Running/Jogging/Walking
Cashew Rd Interim Pk,Running/Jogging/Walking,1.3724045480241602,103.7679671,Outdoor,Running/Jogging/Walking
Faber Heights Park,Running/Jogging/Walking,1.3238384183511829,103.75526367638578,Outdoor,Running/Jogging/Walking
Jlg: Cg Mrt Tol Linkway,Running/Jogging/Walking,1.341095115528266,103.73200024650436,Outdoor,Running/Jogging/Walking
Sbg Lc Zone 1 (Tnc),Running/Jogging/Walking,1.3100244521730628,103.81562486238036,Outdoor,Running/Jogging/Walking
Sbg Lc Zone 2 (Cc/Btc),Running/Jogging/Walking,1.3210034671809083,103.8169579771443,Outdoor,Running/Jogging/Walking
Sbg Lc Zone 3 (Nog/Pv),Running/Jogging/Walking,1.3129062754466734,103.8140609121386,Outdoor,Running/Jogging/Walking
Sbg Lc Arbo/Prc/Pru ,Running/Jogging/Walking,1.3218387235806648,103.81789598168726,Outdoor,Running/Jogging/Walking
Fort Canning Park,Running/Jogging/Walking,1.295890735426131,103.8466093,Outdoor,Running/Jogging/Walking
The Foothills Fort Canning Pk,Running/Jogging/Walking,1.2922576144953883,103.8456906573111,Outdoor,Running/Jogging/Walking
Farquhar Garden (Fcp),Running/Jogging/Walking,1.2956865226548384,103.84867152086326,Outdoor,Running/Jogging/Walking
Empress Place,Running/Jogging/Walking,1.286961584,103.85213965205668,Outdoor,Running/Jogging/Walking
Esplanade Pk,Running/Jogging/Walking,1.289417085574277,103.85359672385977,Outdoor,Running/Jogging/Walking
Duxton Plain Pk,Running/Jogging/Walking,1.2811223325176546,103.84141929284569,Outdoor,Running/Jogging/Walking
Pearl'S Hill City Pk,Running/Jogging/Walking,1.2845131482934613,103.83872911197332,Outdoor,Running/Jogging/Walking
Raffles Place Pk,Running/Jogging/Walking,1.2835942597630638,103.8514999268154,Outdoor,Running/Jogging/Walking
Telok Ayer Pk,Running/Jogging/Walking,1.2781775055205808,103.84668683482796,Outdoor,Running/Jogging/Walking
Waterboat House Garden,Running/Jogging/Walking,1.2873195163410731,103.85347304115898,Outdoor,Running/Jogging/Walking
Tanjong Pagar Pk,Running/Jogging/Walking,1.2765778585703167,103.84577413154086,Outdoor,Running/Jogging/Walking
Telok Ayer Green,Running/Jogging/Walking,1.2814651634440863,103.8476437360112,Outdoor,Running/Jogging/Walking
Ann Siang Hill Pk,Running/Jogging/Walking,1.2810620002557065,103.84611877493366,Outdoor,Running/Jogging/Walking
Hong Lim Pk,Running/Jogging/Walking,1.2863319638689366,103.84705068432152,Outdoor,Running/Jogging/Walking
Toa Payoh Town Pk,Running/Jogging/Walking,1.3305698250739586,103.84795477931804,Outdoor,Running/Jogging/Walking
Kallang Riverside Pk,Running/Jogging/Walking,1.3077192983528685,103.86882040608396,Outdoor,Running/Jogging/Walking
Tiong Bahru Pk,Running/Jogging/Walking,1.2876172817355604,103.82402678837296,Outdoor,Running/Jogging/Walking
Thomson Rd Pg,Running/Jogging/Walking,1.3162599542348774,103.84370946452388,Outdoor,Running/Jogging/Walking
Malcolm Pk,Running/Jogging/Walking,1.3225629270112642,103.8265184733264,Outdoor,Running/Jogging/Walking
Kampong Glam Pk,Running/Jogging/Walking,1.3024454354320096,103.86299607104657,Outdoor,Running/Jogging/Walking
Hooper Rd Pg,Running/Jogging/Walking,1.3123989150672273,103.84320423199812,Outdoor,Running/Jogging/Walking
Rowell Rd Os,Running/Jogging/Walking,1.3084223021898134,103.85484861991678,Outdoor,Running/Jogging/Walking
Somme Rd Pg,Running/Jogging/Walking,1.3114841047156247,103.85815199975508,Outdoor,Running/Jogging/Walking
Beng Wan Rd Pg,Running/Jogging/Walking,1.3238060154419715,103.86583529863027,Outdoor,Running/Jogging/Walking
North Bridge Garden,Running/Jogging/Walking,1.3041093226010845,103.86214555169651,Outdoor,Running/Jogging/Walking
Goldhill Ave Pg,Running/Jogging/Walking,1.3211334171756737,103.83317379982168,Outdoor,Running/Jogging/Walking
Gentle Dr Pg,Running/Jogging/Walking,1.3203688056669944,103.84070309190496,Outdoor,Running/Jogging/Walking
Novena Pk,Running/Jogging/Walking,1.3223128035080336,103.84281346247634,Outdoor,Running/Jogging/Walking
Mount Emily Pk,Running/Jogging/Walking,1.3043760852680015,103.84761124346431,Outdoor,Running/Jogging/Walking
Penang Rd Os,Running/Jogging/Walking,1.3002353872402603,103.8414938192375,Outdoor,Running/Jogging/Walking
Jubilee Park (Fcp),Running/Jogging/Walking,1.293374207908301,103.84484592748184,Outdoor,Running/Jogging/Walking
Orchard Fountain Corner,Running/Jogging/Walking,1.3015871256010152,103.83761070678618,Outdoor,Running/Jogging/Walking
Istana Pk,Running/Jogging/Walking,1.2992640005702023,103.8439884144354,Outdoor,Running/Jogging/Walking
War Memorial Pk,Running/Jogging/Walking,1.2928245131605016,103.85481847201596,Outdoor,Running/Jogging/Walking
Kim Seng Pk,Running/Jogging/Walking,1.2926204540505026,103.8342551228348,Outdoor,Running/Jogging/Walking
Novena Rise Pk,Running/Jogging/Walking,1.324627530026666,103.84285301661774,Outdoor,Running/Jogging/Walking
Dhoby Ghaut Green,Running/Jogging/Walking,1.298430126950581,103.84584933421796,Outdoor,Running/Jogging/Walking
Handy Rd Os,Running/Jogging/Walking,1.2990570546594116,103.84780697048458,Outdoor,Running/Jogging/Walking
Bougainvillea Pk,Running/Jogging/Walking,1.3267341485452966,103.80762186035388,Outdoor,Running/Jogging/Walking
University Rd Pk,Running/Jogging/Walking,1.3254507127857538,103.81767447386102,Outdoor,Running/Jogging/Walking
Greenwood Crescent Pg,Running/Jogging/Walking,1.3355062363588597,103.80548695379504,Outdoor,Running/Jogging/Walking
Orchid Village Pg,Running/Jogging/Walking,1.335704021942395,103.80171316653193,Outdoor,Running/Jogging/Walking
Shelford Rd Pg,Running/Jogging/Walking,1.328370121120348,103.81043241139626,Outdoor,Running/Jogging/Walking
Watten Heights Pg,Running/Jogging/Walking,1.3315101656988075,103.80818355774429,Outdoor,Running/Jogging/Walking
Namly Pk,Running/Jogging/Walking,1.3232989310291234,103.79658146709734,Outdoor,Running/Jogging/Walking
Sixth Ave Pg,Running/Jogging/Walking,1.3224359361605311,103.79128056190346,Outdoor,Running/Jogging/Walking
King'S Dr Pg,Running/Jogging/Walking,1.319086675112928,103.80606154202394,Outdoor,Running/Jogging/Walking
Sunset Way Pk,Running/Jogging/Walking,1.327694579316932,103.76477924872368,Outdoor,Running/Jogging/Walking
Sunset Way Pg,Running/Jogging/Walking,1.3267878202224332,103.76640642909676,Outdoor,Running/Jogging/Walking
Sunset Heights Os,Running/Jogging/Walking,1.327945008025658,103.76886836516977,Outdoor,Running/Jogging/Walking
Clementi Crescent Pg,Running/Jogging/Walking,1.3235224958162637,103.77329951691917,Outdoor,Running/Jogging/Walking
Hua Guan Crescent Pg,Running/Jogging/Walking,1.3370105386444795,103.7850595398033,Outdoor,Running/Jogging/Walking
Greenleaf View Pk Pg,Running/Jogging/Walking,1.3223225608427498,103.7880792343608,Outdoor,Running/Jogging/Walking
Grove Lane Pg,Running/Jogging/Walking,1.3137632887413675,103.7842062105903,Outdoor,Running/Jogging/Walking
Jln Kebaya Pg,Running/Jogging/Walking,1.3141149108976589,103.78024635822102,Outdoor,Running/Jogging/Walking
Mount Sinai Plain Pg,Running/Jogging/Walking,1.315721017,103.78109728549768,Outdoor,Running/Jogging/Walking
Holland Grove View Fc,Running/Jogging/Walking,1.3124745780961788,103.78278534837222,Outdoor,Running/Jogging/Walking
Holland Grove View Pg,Running/Jogging/Walking,1.3129296671523445,103.78122162363572,Outdoor,Running/Jogging/Walking
Holland Green Pg,Running/Jogging/Walking,1.3268109004608926,103.78257759536768,Outdoor,Running/Jogging/Walking
Mayfair Pk,Running/Jogging/Walking,1.3415555200005544,103.7808928749876,Outdoor,Running/Jogging/Walking
Henry Pk,Running/Jogging/Walking,1.3162571773594276,103.78311800015676,Outdoor,Running/Jogging/Walking
Phoenix Park,Running/Jogging/Walking,1.3758898083445703,103.75723986270972,Outdoor,Running/Jogging/Walking
Cheng Soon Garden Pg,Running/Jogging/Walking,1.335886360637082,103.77168301094926,Outdoor,Running/Jogging/Walking
Chu Yen Playground,Running/Jogging/Walking,1.358697170052659,103.75897633995594,Outdoor,Running/Jogging/Walking
Eng Kong Garden Pg,Running/Jogging/Walking,1.3369237422732272,103.76916336188069,Outdoor,Running/Jogging/Walking
Eng Kong Place Fc,Running/Jogging/Walking,1.334739202719321,103.76724604913916,Outdoor,Running/Jogging/Walking
Golden Rise Pg,Running/Jogging/Walking,1.336323647928762,103.76486852005382,Outdoor,Running/Jogging/Walking
Greenridge Crescent Pg,Running/Jogging/Walking,1.3342797127441772,103.76576322902989,Outdoor,Running/Jogging/Walking
Jalan Dermawan Playground,Running/Jogging/Walking,1.3606389456498549,103.75860584483674,Outdoor,Running/Jogging/Walking
Jalan Tekukor Playground,Running/Jogging/Walking,1.3461378955794994,103.76677601808632,Outdoor,Running/Jogging/Walking
Hoover Park (Lor Pisang Hijau Playground),Running/Jogging/Walking,1.34387551,103.77302025529794,Outdoor,Running/Jogging/Walking
Highgate Walk Playground,Running/Jogging/Walking,1.340417184614863,103.76592436149276,Outdoor,Running/Jogging/Walking
Savoy Pk Pg,Running/Jogging/Walking,1.3334144853864318,103.76992667231652,Outdoor,Running/Jogging/Walking
Hillview Crescent Playground,Running/Jogging/Walking,1.355262346001316,103.76116232991828,Outdoor,Running/Jogging/Walking
Burgundy Crescent Playground,Running/Jogging/Walking,1.3398270199089035,103.7609050344812,Outdoor,Running/Jogging/Walking
Pavilion Park Playground,Running/Jogging/Walking,1.372285673351409,103.75197729239298,Outdoor,Running/Jogging/Walking
Duchess Pk,Running/Jogging/Walking,1.3242903125405507,103.80547941573252,Outdoor,Running/Jogging/Walking
Victoria Park Playground,Running/Jogging/Walking,1.3219027993967765,103.8018099364379,Outdoor,Running/Jogging/Walking
Maple Lane Park,Running/Jogging/Walking,1.3299945741675625,103.79259115095014,Outdoor,Running/Jogging/Walking
Holland Green Linear Park,Running/Jogging/Walking,1.3271228350438102,103.78401697245168,Outdoor,Running/Jogging/Walking
West Coast Park,Running/Jogging/Walking,1.2974744660733224,103.76283334042782,Outdoor,Running/Jogging/Walking
Clementi Woods Park,Running/Jogging/Walking,1.2989335350094564,103.76761685803038,Outdoor,Running/Jogging/Walking
Yunnan Park,Running/Jogging/Walking,1.3374845229132717,103.6929015341445,Outdoor,Running/Jogging/Walking
Lakeside Grove Playground,Running/Jogging/Walking,1.3400730144096729,103.71859444158254,Outdoor,Running/Jogging/Walking
Westwood Park Playground,Running/Jogging/Walking,1.351802648,103.70105312473154,Outdoor,Running/Jogging/Walking
Westville Playground,Running/Jogging/Walking,1.353602235401215,103.69953571293016,Outdoor,Running/Jogging/Walking
Lakeside Grove Fitness Corner,Running/Jogging/Walking,1.3397230462758167,103.71705725432878,Outdoor,Running/Jogging/Walking
Jalan Mas Kuning Playground,Running/Jogging/Walking,1.307851607722101,103.76352509593494,Outdoor,Running/Jogging/Walking
Jalan Mas Puteh Playground,Running/Jogging/Walking,1.3089863435762052,103.76200681668604,Outdoor,Running/Jogging/Walking
Pandan Reservoir Fitness Corner,Running/Jogging/Walking,1.3174990770561843,103.7487478,Outdoor,Running/Jogging/Walking
Taman Mas Merah Playground,Running/Jogging/Walking,1.308703286123271,103.76472555154504,Outdoor,Running/Jogging/Walking
West Coast Green Playground,Running/Jogging/Walking,1.3155603512098706,103.7563601696452,Outdoor,Running/Jogging/Walking
West Coast Place Playground,Running/Jogging/Walking,1.3142539349187183,103.7584501679103,Outdoor,Running/Jogging/Walking
Faber Hills Playground,Running/Jogging/Walking,1.319767250253672,103.75797647582051,Outdoor,Running/Jogging/Walking
Faber Heights Open Space,Running/Jogging/Walking,1.3225526398909135,103.7576085677288,Outdoor,Running/Jogging/Walking
Jurong Central Park,Running/Jogging/Walking,1.3379796517930498,103.70787455681167,Outdoor,Running/Jogging/Walking
Pasir Panjang Park,Running/Jogging/Walking,1.278746579452599,103.78392469711306,Outdoor,Running/Jogging/Walking
Kent Ridge Park,Running/Jogging/Walking,1.284392364523694,103.7903187684368,Outdoor,Running/Jogging/Walking
Jambol Place Park,Running/Jogging/Walking,1.2790257618919407,103.79018535239057,Outdoor,Running/Jogging/Walking
Chwee Chian Playground,Running/Jogging/Walking,1.279572837078235,103.78895401879323,Outdoor,Running/Jogging/Walking
One-North Park,Running/Jogging/Walking,1.3042782782065545,103.79036831078189,Outdoor,Running/Jogging/Walking
Mount Faber Park,Running/Jogging/Walking,1.2705515087384658,103.81933003105216,Outdoor,Running/Jogging/Walking
Telok Blangah Hill Park,Running/Jogging/Walking,1.2786594119326866,103.81025373344492,Outdoor,Running/Jogging/Walking
Ganges Ave Os,Running/Jogging/Walking,1.290793230671245,103.83179846135349,Outdoor,Running/Jogging/Walking
Kim Pong Park,Running/Jogging/Walking,1.283590396304199,103.82973723189949,Outdoor,Running/Jogging/Walking
Bukit Gombak Park,Running/Jogging/Walking,1.3672173562028185,103.7524341787261,Outdoor,Running/Jogging/Walking
Tampines Boulevard Park,Running/Jogging/Walking,1.363756342117129,103.94064313618163,Outdoor,Running/Jogging/Walking
Boundary Road Park,Running/Jogging/Walking,1.3540401971512352,103.87478098464692,Outdoor,Running/Jogging/Walking
Park At Sembawang Alley,Running/Jogging/Walking,1.44873424,103.81904332032455,Outdoor,Running/Jogging/Walking
Jln Sendudok Park,Running/Jogging/Walking,1.4438998767847262,103.8271629651823,Outdoor,Running/Jogging/Walking
Toh Close Interim Park,Running/Jogging/Walking,1.3639140016919415,103.96992207870058,Outdoor,Running/Jogging/Walking
East Coast Park Area E1 Car Park,Running/Jogging/Walking,1.3073206700428106,103.93021604239304,Outdoor,Running/Jogging/Walking
Parliament Promenade,Running/Jogging/Walking,1.2885815772928455,103.84999922976148,Outdoor,Running/Jogging/Walking
Changi Beach Pk,Running/Jogging/Walking,1.3831593733995575,104.00175372183348,Outdoor,Running/Jogging/Walking
Nw502D,Running/Jogging/Walking,1.443216249561224,103.8298393418044,Outdoor,Running/Jogging/Walking
Jlg: Lakeside Garden,Running/Jogging/Walking,1.3336633524010115,103.72694973622696,Outdoor,Running/Jogging/Walking
City Green,Running/Jogging/Walking,1.3118468213994965,103.85602245803376,Outdoor,Running/Jogging/Walking
Silat Avenue Park,Running/Jogging/Walking,1.2760758381495587,103.82980087493316,Outdoor,Running/Jogging/Walking
Woodlands Healing Garden,Running/Jogging/Walking,1.425069285358305,103.79271594626628,Outdoor,Running/Jogging/Walking
Meng Suan Interim Park,Running/Jogging/Walking,1.4029897819398731,103.81536660776064,Outdoor,Running/Jogging/Walking
Market Street Park,Running/Jogging/Walking,1.2834506208363536,103.85025686606404,Outdoor,Running/Jogging/Walking
